Agreement type,Clause type,Standard position,Fallback,Unacceptable terms,Escalation office,Beneficial terms,Suggested language,Required,Thresholds
License,"License grant scope (exclusivity, field of use, territory)","Exclusive licence limited to a defined field of use and territory, subject to OSU's reserved right to practise the technology for research, teaching and education and to U.S. Government rights.","All fields of use, provided OSU's research and educational rights are reserved and diligence milestones apply per field.",University hereby assigns; irrevocable assignment of the Licensed Patents,Technology Commercialization,non-exclusive license back to University,"University grants Licensee an exclusive licence under the Licensed Patents, in the Field of Use and the Territory, to make, have made, use, sell, offer for sale and import Licensed Products. University reserves for itself and other academic and non-profit research institutions the right to practise the Licensed Patents for research, teaching and educational purposes. The licence is subject to the rights of the United States Government under 35 U.S.C. 200-212.",Yes,
License,"Royalties, milestones, equity and sublicense income","Licence issue fee, running royalty of at least 3% of net sales, at least 25% of sublicense income, milestone payments and a minimum annual royalty; equity in a start-up where appropriate.",Running royalty of at least 2% and at least 15% of sublicense income.,royalty-free; fully paid-up; no royalties shall be due,Technology Commercialization,shares of common stock; minimum annual royalty; equity,"Licensee shall pay University (a) a non-refundable licence issue fee; (b) a running royalty of three and one-half percent (3.5%) of Net Sales of Licensed Products; (c) twenty-five percent (25%) of all Sublicense Income; (d) the milestone payments in Section 3.4; and (e) a minimum annual royalty, creditable against running royalties in the same year.",Yes,minRoyaltyPct=3; fallbackRoyaltyPct=2; minSublicensePct=25; fallbackSublicensePct=15
License,Diligence and termination for failure to commercialize,Commercially reasonable efforts with dated development and sales milestones; OSU may terminate (or make the licence non-exclusive) if a milestone is missed and not cured.,Efforts obligation with annual diligence reports and either milestones or a termination right.,no diligence obligations,Technology Commercialization,convert the license to non-exclusive,"Licensee shall use commercially reasonable efforts to develop and commercialize Licensed Products and shall meet the diligence milestones in Appendix C by the dates stated. If Licensee fails to meet a milestone and does not cure the failure within ninety (90) days of notice, University may terminate this Agreement or convert the licence to non-exclusive.",Yes,
License,Background and foreground IP ownership,OSU keeps title to the licensed patents and its background IP; improvements by OSU employees are owned by OSU; nothing is assigned to the licensee.,Licensee owns its own improvements with a non-exclusive licence back to OSU for research.,work made for hire; University hereby assigns; University shall assign; all inventions shall be owned by Sponsor; all intellectual property shall vest in,Technology Commercialization,grants back to University; license back to University,"Title to the Licensed Patents remains with University. Improvements made solely by University employees are owned by University and, at Licensee's request, may be added to this Agreement by amendment. Nothing in this Agreement assigns or transfers any University intellectual property to Licensee.",Yes,
License,Indemnification and insurance (public university),"OSU, a public university, does not indemnify. The other party indemnifies OSU and carries insurance; OSU is responsible for its own acts only to the extent permitted by Ohio law.","OSU indemnity expressly limited ""to the extent permitted by the laws of the State of Ohio"".",University shall defend; University waives the limitations of Ohio law; indemnify without limitation,Risk Management,additional insured,"Licensee shall indemnify, defend and hold harmless University, its trustees, officers, employees and students from all claims arising from the manufacture, use or sale of Licensed Products, and shall maintain commercial general and product liability insurance of at least $2,000,000 per occurrence naming University as an additional insured. University makes no indemnity.",Yes,
License,Governing law (Ohio) and sovereign immunity,Laws of the State of Ohio. No waiver of OSU's sovereign immunity; claims against OSU only in the Ohio Court of Claims.,Silent on governing law (no other state's law named) with no waiver of immunity.,waives sovereign immunity; waives any sovereign immunity; waive its sovereign immunity; submits to the jurisdiction of the courts of,Legal Affairs,,"This Agreement is governed by the laws of the State of Ohio, without regard to its conflict-of-laws rules. Nothing in this Agreement waives the sovereign immunity of University or the State of Ohio, and any claim against University may be brought only in the Ohio Court of Claims.",Yes,
License,"Data rights, confidentiality term and use of OSU name",OSU keeps the right to use its data and results for research and teaching; confidentiality lasts no more than 5 years; no use of OSU's name without its prior written consent.,Confidentiality of up to 7 years.,all data shall be the property of Sponsor; University shall not use the data; may use the name of the University without,Legal Affairs,University may publish the data,"Licensee shall not use the name, trademarks, logos or other marks of The Ohio State University, or the name of any University employee, in any advertising, promotion or publicity without University's prior written consent, except as required by law.",Yes,maxConfidentialityYears=5; fallbackConfidentialityYears=7
License,Sublicensing,Sublicenses allowed with a copy to OSU; sublicenses survive termination with OSU as licensor.,"Sublicenses with OSU's prior consent, not unreasonably withheld.",sublicenses shall terminate automatically,Technology Commercialization,sublicense income shall be paid to University within,"Licensee may grant sublicenses consistent with this Agreement and shall give University a copy of each sublicense within thirty (30) days of execution. Each sublicense shall survive termination of this Agreement at the sublicensee's option, with University as licensor.",No,
License,Confidentiality,"Confidentiality obligations last no more than 5 years from disclosure, subject to the Ohio Public Records Act; standard exclusions apply.",Up to 7 years.,in perpetuity; shall never expire,Technology Commercialization,,"The receiving party's obligations of confidentiality shall survive for five (5) years from the date of each disclosure. Information that is publicly available, independently developed, already known or lawfully received from a third party is excluded, and University may disclose information as required by the Ohio Public Records Act.",No,maxConfidentialityYears=5; fallbackConfidentialityYears=7
License,Warranties,OSU makes no warranties; technology and materials are provided as is.,,University warrants that the Licensed Patents are valid; University warrants non-infringement,Technology Commercialization,,"THE MATERIAL AND ALL TECHNOLOGY ARE PROVIDED ""AS IS"". UNIVERSITY MAKES NO REPRESENTATIONS OR WARRANTIES OF ANY KIND, EXPRESS OR IMPLIED, INCLUDING OF MERCHANTABILITY, FITNESS FOR A PARTICULAR PURPOSE, VALIDITY OR NON-INFRINGEMENT.",No,
License,Export control and foreign party restrictions,Fundamental research; no export-controlled information without prior written notice and OSU's consent; no restrictions on foreign nationals.,Export-controlled information accepted under an OSU technology control plan approved by Export Control.,U.S. citizens only; no foreign nationals; foreign nationals shall not; restricted to U.S. persons,Export Control,,"Licensee shall comply with all applicable United States export control laws and regulations, including the EAR and ITAR, in its use, sale and export of Licensed Products. University makes no representation that an export licence is not required.",No,escalateOnDeviation=1
License,Sponsor reporting and grant flow-down terms,Technical reports no more often than quarterly and a final report within 90 days; any prime-award terms flowed down are identified by clause number.,Monthly reports when funded by the sponsor.,monthly technical reports; weekly reports; all terms of the prime award apply,Technology Commercialization,,University will provide Sponsor with written technical progress reports quarterly and a final report within ninety (90) days after the end of the Research. Terms of the prime award flowed down to University are listed in Attachment 2 by clause number and apply only as required by the prime award.,No,maxReportsPerYear=4; fallbackReportsPerYear=12
Sponsored research,Publication rights and review period,OSU and its investigators may publish the results. The other party may review a proposed publication for up to 30 days to identify its confidential information (which OSU removes) and patentable inventions.,"A total delay of up to 60 days, including an additional deferral to file a patent application.",prior written approval of Sponsor; Sponsor's prior written consent to publish; shall not publish; right to prohibit publication; results shall be Sponsor's Confidential Information,Sponsored Programs,free to publish without review; no review period,"University and its investigators shall be free to publish and present the results of the Research. University will give Sponsor a copy of each proposed publication at least thirty (30) days before submission. Within that period Sponsor may (a) identify Sponsor Confidential Information, which University will remove, and (b) request a delay of up to an additional thirty (30) days to allow a patent application to be filed. University shall not be required to delay publication for more than sixty (60) days in total.",Yes,maxReviewDays=30; fallbackReviewDays=60
Sponsored research,Background and foreground IP ownership,Each party keeps its background IP. OSU owns inventions made by its employees and students; the sponsor receives a non-exclusive research licence and an option to negotiate an exclusive licence.,Jointly owned inventions with OSU's share licensable on commercial terms; a time-limited exclusive option (≤ 6 months).,work made for hire; University hereby assigns; University shall assign; all inventions shall be owned by Sponsor; all intellectual property shall vest in,Sponsored Programs,grants back to University; license back to University,"Each party retains all right, title and interest in its Background Intellectual Property. Inventions made solely by University employees or students are owned by University; inventions made solely by Sponsor employees are owned by Sponsor; joint inventions are owned jointly. University grants Sponsor a non-exclusive, royalty-free licence to use University Inventions for internal research purposes and an option, exercisable within six (6) months of disclosure, to negotiate an exclusive, royalty-bearing licence on commercially reasonable terms.",Yes,
Sponsored research,Indemnification and insurance (public university),"OSU, a public university, does not indemnify. The other party indemnifies OSU and carries insurance; OSU is responsible for its own acts only to the extent permitted by Ohio law.","OSU indemnity expressly limited ""to the extent permitted by the laws of the State of Ohio"".",University shall defend; University waives the limitations of Ohio law; indemnify without limitation,Risk Management,additional insured,"Sponsor shall indemnify, defend and hold harmless University, its trustees, officers, employees and students from any claims, losses and expenses arising from Sponsor's use of the results of the Research or of any product, process or service made or sold by Sponsor. University shall be responsible for its own acts and omissions only to the extent permitted by the laws of the State of Ohio; University does not otherwise indemnify any party.",Yes,
Sponsored research,Governing law (Ohio) and sovereign immunity,Laws of the State of Ohio. No waiver of OSU's sovereign immunity; claims against OSU only in the Ohio Court of Claims.,Silent on governing law (no other state's law named) with no waiver of immunity.,waives sovereign immunity; waives any sovereign immunity; waive its sovereign immunity; submits to the jurisdiction of the courts of,Legal Affairs,,"This Agreement is governed by the laws of the State of Ohio, without regard to its conflict-of-laws rules. Nothing in this Agreement waives the sovereign immunity of University or the State of Ohio, and any claim against University may be brought only in the Ohio Court of Claims.",Yes,
Sponsored research,Export control and foreign party restrictions,Fundamental research; no export-controlled information without prior written notice and OSU's consent; no restrictions on foreign nationals.,Export-controlled information accepted under an OSU technology control plan approved by Export Control.,U.S. citizens only; no foreign nationals; foreign nationals shall not; restricted to U.S. persons,Export Control,,"The parties intend the Research to be fundamental research, the results of which are ordinarily published. Sponsor shall not provide University with any information, technology or material subject to the EAR or ITAR without first giving University written notice and receiving University's written consent. University will not accept restrictions on the participation of foreign nationals in the Research.",Yes,escalateOnDeviation=1
Sponsored research,Sponsor reporting and grant flow-down terms,Technical reports no more often than quarterly and a final report within 90 days; any prime-award terms flowed down are identified by clause number.,Monthly reports when funded by the sponsor.,monthly technical reports; weekly reports; all terms of the prime award apply,Sponsored Programs,,University will provide Sponsor with written technical progress reports quarterly and a final report within ninety (90) days after the end of the Research. Terms of the prime award flowed down to University are listed in Attachment 2 by clause number and apply only as required by the prime award.,Yes,maxReportsPerYear=4; fallbackReportsPerYear=12
Sponsored research,"Data rights, confidentiality term and use of OSU name",OSU keeps the right to use its data and results for research and teaching; confidentiality lasts no more than 5 years; no use of OSU's name without its prior written consent.,Confidentiality of up to 7 years.,all data shall be the property of Sponsor; University shall not use the data; may use the name of the University without,Legal Affairs,University may publish the data,"University retains the right to use all data and results generated in the Research for research, teaching and publication. Confidentiality obligations shall last five (5) years from disclosure. Neither party shall use the name, marks or logos of the other party, or of The Ohio State University, in any advertising or publicity without the other party's prior written consent.",Yes,maxConfidentialityYears=5; fallbackConfidentialityYears=7
Sponsored research,Payment terms,"Fixed price or cost-reimbursable budget, invoiced in advance or monthly, payable within 30 days.",Payable within 45 days.,,Sponsored Programs,in advance,"Sponsor shall pay University the fixed price of the Research in installments, invoiced in advance, each payable within thirty (30) days of the invoice date.",Yes,netDays=30; fallbackNetDays=45
Sponsored research,Termination,Either party may terminate on notice; the sponsor pays costs incurred and non-cancellable obligations.,,,Sponsored Programs,,Either party may terminate this Agreement on ninety (90) days' written notice. Either party may terminate for material breach not cured within sixty (60) days of written notice. Sponsor shall pay all costs incurred and non-cancellable obligations made before termination.,No,
Sponsored research,Limitation of liability,OSU's liability excluded for indirect damages and limited as permitted by Ohio law.,,unlimited liability,Risk Management,,"In no event shall University be liable for any indirect, incidental, consequential or punitive damages. University's liability is limited to the extent permitted by the laws of the State of Ohio.",No,
